,Ethanthova Ponies,122,Auspikitan Golden Falcons,119
,Dotruga Falno,119,Faehrenfall Feathercats,82
,Czalliso Pythons,105,TND Tanks,109
,Boltway Bad Dragons,121,Aahrus Moosi,120
,Aiyota Pumps,129,Bongatar Banging Bongos,97
,Ávura Aviators,99,Dvimne Spirits,128
,Stedro Boulders,114,Holy Yektonisa Bishops,103
,Shmupland Dictators,139,Holykol Bears,122
,Red Rainbow Sickles,120,Lyintaria Lynx,103
,Naxda Nomads,96,Pyxanovia Pixies,115
,Calto Cows,130,Transhimalia Disasters,120
,Blanaxon Hammers,127,Height Sagua Cats,112
,Barsein Bats,124,Key to Don Yees,108
,Autolik Autonomy,113,Manwx Saguans,123
,Solea Geysers,125,Pxalit'k'a Pirates,95
,Serkr Atolls,104,Sagua Ocelots,109
Game 81,Home,Score,Away,Score
,Transhimalia Disasters,102,Faehrenfall Feathercats,104
,Ethanthova Ponies,108,TND Tanks,99
,Dotruga Falno,99,Aahrus Moosi,98
,Czalliso Pythons,112,Bongatar Banging Bongos,99
,Boltway Bad Dragons,78,Dvimne Spirits,118
,Aiyota Pumps,115,Holy Yektonisa Bishops,87
,Ávura Aviators,103,Holykol Bears,104
,Pyxanovia Pixies,129,Lyintaria Lynx,91
,Auspikitan Golden Falcons,106,Barsein Bats,92
,Blanaxon Hammers,120,Autolik Autonomy,86
,Calto Cows,101,Solea Geysers,109
,Naxda Nomads,122,Serkr Atolls,113
,Red Rainbow Sickles,124,Sagua Ocelots,115
,Shmupland Dictators,139,Pxalit'k'a Pirates,83
,Stedro Boulders,92,Manwx Saguans,122
,Height Sagua Cats,102,Key to Don Yees,132
Game 82,Home,Score,Away,Score
,Auspikitan Golden Falcons,103,Manwx Saguans,134
,Pxalit'k'a Pirates,118,Key to Don Yees,122
,Sagua Ocelots,119,Height Sagua Cats,90
,Solea Geysers,124,Serkr Atolls,117
,Autolik Autonomy,114,Calto Cows,109
,Naxda Nomads,115,Blanaxon Hammers,107
,Red Rainbow Sickles,108,Barsein Bats,99
,Stedro Boulders,93,Shmupland Dictators,90
,Transhimalia Disasters,97,Holykol Bears,110
,Holy Yektonisa Bishops,114,Lyintaria Lynx,119
,Dvimne Spirits,119,Pyxanovia Pixies,106
,Aahrus Moosi,118,Bongatar Banging Bongos,92
,TND Tanks,81,Dotruga Falno,112
,Czalliso Pythons,98,Ethanthova Ponies,101
,Boltway Bad Dragons,94,Faehrenfall Feathercats,101
,Ávura Aviators,116,Aiyota Pumps,96
Game 83,Home,Score,Away,Score
,Key to Don Yees,122,Auspikitan Golden Falcons,110
,Manwx Saguans,111,Height Sagua Cats,91
,Pxalit'k'a Pirates,108,Transhimalia Disasters,113
,Sagua Ocelots,112,Pyxanovia Pixies,132
,Serkr Atolls,115,Lyintaria Lynx,91
,Solea Geysers,115,Holykol Bears,93
,Autolik Autonomy,91,Holy Yektonisa Bishops,86
,Barsein Bats,123,Dvimne Spirits,124
,Blanaxon Hammers,104,Bongatar Banging Bongos,100
,Calto Cows,112,Aahrus Moosi,92
,Naxda Nomads,116,TND Tanks,99
,Red Rainbow Sickles,133,Faehrenfall Feathercats,113
,Shmupland Dictators,109,Ethanthova Ponies,96
,Stedro Boulders,102,Dotruga Falno,109
,Ávura Aviators,111,Czalliso Pythons,113
,Aiyota Pumps,110,Boltway Bad Dragons,108
Game 84,Home,Score,Away,Score
,Transhimalia Disasters,120,Boltway Bad Dragons,100
,Aiyota Pumps,124,Czalliso Pythons,80
,Ávura Aviators,103,Dotruga Falno,112
,Pyxanovia Pixies,122,Ethanthova Ponies,108
,Lyintaria Lynx,107,Faehrenfall Feathercats,92
,Holykol Bears,122,TND Tanks,98
,Holy Yektonisa Bishops,100,Aahrus Moosi,88
,Dvimne Spirits,119,Bongatar Banging Bongos,96, BOUNCE
,Auspikitan Golden Falcons,123,Red Rainbow Sickles,115
,Shmupland Dictators,125,Naxda Nomads,92
,Stedro Boulders,111,Calto Cows,101
,Height Sagua Cats,113,Blanaxon Hammers,122
,Key to Don Yees,102,Barsein Bats,116
,Manwx Saguans,107,Autolik Autonomy,98
,Pxalit'k'a Pirates,110,Solea Geysers,99, BOUNCE
,Sagua Ocelots,114,Serkr Atolls,93
Game 85,Home,Score,Away,Score
,Auspikitan Golden Falcons,98,Blanaxon Hammers,99
,Barsein Bats,102,Calto Cows,98
,Autolik Autonomy,94,Naxda Nomads,118
,Solea Geysers,110,Red Rainbow Sickles,121
,Serkr Atolls,119,Shmupland Dictators,132
,Sagua Ocelots,112,Stedro Boulders,96
,Pxalit'k'a Pirates,120,Ávura Aviators,130
,Manwx Saguans,112,Aiyota Pumps,82
,Key to Don Yees,132,Boltway Bad Dragons,134
,Height Sagua Cats,105,Czalliso Pythons,106
,Transhimalia Disasters,107,Dotruga Falno,128
,Pyxanovia Pixies,124,Ethanthova Ponies,117
,Lyintaria Lynx,103,Faehrenfall Feathercats,108
,Holykol Bears,116,TND Tanks,101
,Holy Yektonisa Bishops,118,Aahrus Moosi,98
,Dvimne Spirits,131,Bongatar Banging Bongos,120
Game 86,Home,Score,Away,Score
,Dotruga Falno,117,Auspikitan Golden Falcons,119
,Ethanthova Ponies,116,Czalliso Pythons,111
,Faehrenfall Feathercats,108,Boltway Bad Dragons,86
,TND Tanks,103,Aiyota Pumps,100
,Aahrus Moosi,100,Ávura Aviators,99
,Bongatar Banging Bongos,141,Stedro Boulders,149
,Dvimne Spirits,115,Shmupland Dictators,112
,Holy Yektonisa Bishops,96,Red Rainbow Sickles,104
,Holykol Bears,110,Naxda Nomads,109
,Lyintaria Lynx,111,Calto Cows,127
,Pyxanovia Pixies,123,Blanaxon Hammers,117
,Transhimalia Disasters,86,Barsein Bats,120
,Height Sagua Cats,105,Autolik Autonomy,109
,Key to Don Yees,100,Solea Geysers,117
,Manwx Saguans,122,Serkr Atolls,99
,Pxalit'k'a Pirates,73,Sagua Ocelots,107
Game 87,Home,Score,Away,Score
,Faehrenfall Feathercats,105,Auspikitan Golden Falcons,95
,TND Tanks,133,Ethanthova Ponies,132
,Aahrus Moosi,110,Dotruga Falno,95
,Bongatar Banging Bongos,93,Czalliso Pythons,103
,Dvimne Spirits,119,Boltway Bad Dragons,100
,Holy Yektonisa Bishops,109,Aiyota Pumps,127
,Holykol Bears,121,Ávura Aviators,98
,Lyintaria Lynx,93,Stedro Boulders,101
,Pyxanovia Pixies,109,Shmupland Dictators,114
,Transhimalia Disasters,105,Red Rainbow Sickles,120
,Height Sagua Cats,106,Naxda Nomads,115
,Key to Don Yees,148,Calto Cows,145
,Manwx Saguans,117,Blanaxon Hammers,101
,Pxalit'k'a Pirates,104,Barsein Bats,121
,Sagua Ocelots,105,Autolik Autonomy,88
,Serkr Atolls,94,Solea Geysers,110
Game 88,Home,Score,Away,Score
,Auspikitan Golden Falcons,116,Shmupland Dictators,133
,Red Rainbow Sickles,105,Stedro Boulders,98
,Naxda Nomads,119,Ávura Aviators,124
,Calto Cows,136,Aiyota Pumps,119
,Blanaxon Hammers,135,Boltway Bad Dragons,100
,Barsein Bats,128,Czalliso Pythons,105
,Autolik Autonomy,107,Dotruga Falno,116
,Solea Geysers,107,Ethanthova Ponies,96
,Serkr Atolls,114,Faehrenfall Feathercats,116
,Sagua Ocelots,73,TND Tanks,82
,Pxalit'k'a Pirates,111,Aahrus Moosi,133
,Manwx Saguans,108,Bongatar Banging Bongos,92
,Key to Don Yees,121,Dvimne Spirits,120, BOUNCE
,Height Sagua Cats,92,Holy Yektonisa Bishops,103
,Transhimalia Disasters,107,Holykol Bears,103, BOUNCE
,Pyxanovia Pixies,132,Lyintaria Lynx,97
Game 89,Home,Score,Away,Score
,Auspikitan Golden Falcons,135,Holy Yektonisa Bishops,108
,Holykol Bears,116,Dvimne Spirits,118
,Lyintaria Lynx,109,Bongatar Banging Bongos,101
,Pyxanovia Pixies,107,Aahrus Moosi,91
,Transhimalia Disasters,100,TND Tanks,109
,Height Sagua Cats,102,Faehrenfall Feathercats,100
,Key to Don Yees,109,Ethanthova Ponies,112
,Manwx Saguans,106,Dotruga Falno,117, BOUNCE
,Pxalit'k'a Pirates,106,Czalliso Pythons,108
,Sagua Ocelots,98,Boltway Bad Dragons,82
,Serkr Atolls,119,Aiyota Pumps,93
,Solea Geysers,118,Ávura Aviators,95
,Autolik Autonomy,118,Stedro Boulders,117
,Barsein Bats,118,Shmupland Dictators,97
,Blanaxon Hammers,90,Red Rainbow Sickles,104
,Calto Cows,106,Naxda Nomads,97
Game 90,Home,Score,Away,Score
,Ávura Aviators,103,Auspikitan Golden Falcons,125
,Aiyota Pumps,92,Stedro Boulders,75
,Boltway Bad Dragons,71,Shmupland Dictators,125
,Czalliso Pythons,133,Red Rainbow Sickles,130
,Dotruga Falno,108,Naxda Nomads,99
,Ethanthova Ponies,118,Calto Cows,78
,Faehrenfall Feathercats,108,Blanaxon Hammers,116
,TND Tanks,102,Barsein Bats,103
,Aahrus Moosi,102,Autolik Autonomy,89
,Bongatar Banging Bongos,117,Solea Geysers,114, BOUNCE
,Dvimne Spirits,118,Serkr Atolls,131
,Holy Yektonisa Bishops,73,Sagua Ocelots,102
,Holykol Bears,131,Pxalit'k'a Pirates,127
,Lyintaria Lynx,83,Manwx Saguans,108
,Pyxanovia Pixies,124,Key to Don Yees,122
,Transhimalia Disasters,104,Height Sagua Cats,116
Game 91,Home,Score,Away,Score
,Transhimalia Disasters,90,Aahrus Moosi,105
,TND Tanks,114,Bongatar Banging Bongos,100
,Faehrenfall Feathercats,91,Dvimne Spirits,120
,Ethanthova Ponies,103,Holy Yektonisa Bishops,90
,Dotruga Falno,114,Holykol Bears,106
,Czalliso Pythons,130,Lyintaria Lynx,106
,Boltway Bad Dragons,72,Pyxanovia Pixies,110
,Aiyota Pumps,117,Ávura Aviators,102
,Auspikitan Golden Falcons,125,Solea Geysers,121
,Autolik Autonomy,108,Serkr Atolls,110
,Barsein Bats,106,Sagua Ocelots,125
,Blanaxon Hammers,142,Pxalit'k'a Pirates,107
,Calto Cows,137,Manwx Saguans,115
,Naxda Nomads,109,Key to Don Yees,114
,Red Rainbow Sickles,133,Height Sagua Cats,105
,Shmupland Dictators,141,Stedro Boulders,118
Game 92,Home,Score,Away,Score
,Transhimalia Disasters,94,Auspikitan Golden Falcons,132
,Pyxanovia Pixies,122,Height Sagua Cats,88
,Lyintaria Lynx,92,Key to Don Yees,108
,Holykol Bears,153,Manwx Saguans,150
,Holy Yektonisa Bishops,97,Pxalit'k'a Pirates,92
,Dvimne Spirits,116,Sagua Ocelots,122
,Bongatar Banging Bongos,104,Serkr Atolls,99, BOUNCE
,Aahrus Moosi,113,Solea Geysers,126
,TND Tanks,108,Autolik Autonomy,102
,Faehrenfall Feathercats,101,Barsein Bats,117
,Ethanthova Ponies,129,Blanaxon Hammers,104
,Dotruga Falno,111,Calto Cows,101
,Czalliso Pythons,106,Naxda Nomads,118
,Boltway Bad Dragons,113,Red Rainbow Sickles,114
,Aiyota Pumps,107,Shmupland Dictators,118
,Ávura Aviators,101,Stedro Boulders,114
Game 93,Home,Score,Away,Score
,Sagua Ocelots,114,Auspikitan Golden Falcons,119
,Pxalit'k'a Pirates,100,Serkr Atolls,114
,Manwx Saguans,120,Solea Geysers,119
,Key to Don Yees,108,Autolik Autonomy,105
,Height Sagua Cats,90,Barsein Bats,120
,Transhimalia Disasters,102,Blanaxon Hammers,107
,Pyxanovia Pixies,105,Calto Cows,87
,Lyintaria Lynx,102,Naxda Nomads,114
,Holykol Bears,133,Red Rainbow Sickles,118
,Holy Yektonisa Bishops,91,Shmupland Dictators,112
,Dvimne Spirits,97,Stedro Boulders,99
,Bongatar Banging Bongos,99,Ávura Aviators,105
,Aahrus Moosi,94,Aiyota Pumps,103
,TND Tanks,106,Boltway Bad Dragons,95
,Faehrenfall Feathercats,107,Czalliso Pythons,87
,Ethanthova Ponies,90,Dotruga Falno,121
Game 94,Home,Score,Away,Score
,Auspikitan Golden Falcons,95,Calto Cows,115
,Naxda Nomads,110,Blanaxon Hammers,95
,Red Rainbow Sickles,138,Barsein Bats,124
,Shmupland Dictators,111,Autolik Autonomy,83, BOUNCE
,Stedro Boulders,136,Solea Geysers,109
,Ávura Aviators,125,Serkr Atolls,112
,Aiyota Pumps,109,Sagua Ocelots,101
,Boltway Bad Dragons,129,Pxalit'k'a Pirates,118
,Czalliso Pythons,104,Manwx Saguans,96
,Dotruga Falno,130,Key to Don Yees,104
,Ethanthova Ponies,122,Height Sagua Cats,116
,Faehrenfall Feathercats,124,Transhimalia Disasters,101
,TND Tanks,86,Pyxanovia Pixies,91
,Aahrus Moosi,129,Lyintaria Lynx,110
,Bongatar Banging Bongos,118,Holykol Bears,113
,Dvimne Spirits,120,Holy Yektonisa Bishops,86
Game 95,Home,Score,Away,Score
,Auspikitan Golden Falcons,116,Key to Don Yees,111
,Height Sagua Cats,105,Manwx Saguans,131
,Transhimalia Disasters,116,Pxalit'k'a Pirates,125
,Pyxanovia Pixies,98,Sagua Ocelots,105
,Lyintaria Lynx,127,Serkr Atolls,113
,Holykol Bears,119,Solea Geysers,124
,Holy Yektonisa Bishops,105,Autolik Autonomy,92
,Dvimne Spirits,105,Barsein Bats,110
,Bongatar Banging Bongos,120,Blanaxon Hammers,131
,Aahrus Moosi,91,Calto Cows,109
,TND Tanks,104,Naxda Nomads,123
,Faehrenfall Feathercats,106,Red Rainbow Sickles,107
,Ethanthova Ponies,99,Shmupland Dictators,120
,Dotruga Falno,119,Stedro Boulders,102
,Czalliso Pythons,105,Ávura Aviators,97
,Boltway Bad Dragons,108,Aiyota Pumps,111
Game 96,Home,Score,Away,Score
,Pxalit'k'a Pirates,109,Auspikitan Golden Falcons,123
,Sagua Ocelots,114,Manwx Saguans,103
,Serkr Atolls,95,Key to Don Yees,115
,Solea Geysers,132,Height Sagua Cats,99
,Naxda Nomads,146,Autolik Autonomy,134
,Red Rainbow Sickles,107,Calto Cows,103
,Shmupland Dictators,118,Blanaxon Hammers,114
,Stedro Boulders,114,Barsein Bats,123
,Holy Yektonisa Bishops,119,Transhimalia Disasters,104
,Dvimne Spirits,131,Holykol Bears,100
,Bongatar Banging Bongos,123,Lyintaria Lynx,115
,Aahrus Moosi,117,Pyxanovia Pixies,107
,Czalliso Pythons,124,TND Tanks,96
,Boltway Bad Dragons,115,Dotruga Falno,84, BOUNCE
,Aiyota Pumps,90,Ethanthova Ponies,126, BOUNCE
,Ávura Aviators,120,Faehrenfall Feathercats,102
Game 97,Home,Score,Away,Score
,Auspikitan Golden Falcons,102,Solea Geysers,110
,Autolik Autonomy,113,Serkr Atolls,119
,Barsein Bats,109,Sagua Ocelots,100
,Blanaxon Hammers,127,Pxalit'k'a Pirates,116
,Calto Cows,100,Manwx Saguans,107
,Naxda Nomads,121,Key to Don Yees,130, BOUNCE
,Red Rainbow Sickles,123,Height Sagua Cats,115
,Shmupland Dictators,117,Transhimalia Disasters,89
,Stedro Boulders,96,Pyxanovia Pixies,105
,Ávura Aviators,131,Lyintaria Lynx,115
,Aiyota Pumps,137,Holykol Bears,138
,Boltway Bad Dragons,102,Holy Yektonisa Bishops,111
,Czalliso Pythons,118,Dvimne Spirits,121
,Dotruga Falno,125,Bongatar Banging Bongos,101
,Ethanthova Ponies,97,Aahrus Moosi,105
,Faehrenfall Feathercats,110,TND Tanks,107
Game 98,Home,Score,Away,Score
,Auspikitan Golden Falcons,122,Stedro Boulders,111
,Ávura Aviators,112,Shmupland Dictators,121
,Aiyota Pumps,90,Red Rainbow Sickles,107
,Boltway Bad Dragons,103,Naxda Nomads,94
,Czalliso Pythons,129,Calto Cows,107
,Dotruga Falno,121,Blanaxon Hammers,104
,Ethanthova Ponies,122,Barsein Bats,117
,Faehrenfall Feathercats,110,Autolik Autonomy,96
,TND Tanks,109,Solea Geysers,104
,Aahrus Moosi,98,Serkr Atolls,94
,Bongatar Banging Bongos,100,Sagua Ocelots,99
,Dvimne Spirits,105,Pxalit'k'a Pirates,79
,Holy Yektonisa Bishops,101,Manwx Saguans,96
,Holykol Bears,102,Key to Don Yees,98
,Lyintaria Lynx,116,Height Sagua Cats,117
,Pyxanovia Pixies,117,Transhimalia Disasters,91
Game 99,Home,Score,Away,Score
,Auspikitan Golden Falcons,114,Dvimne Spirits,129
,Bongatar Banging Bongos,87,Holy Yektonisa Bishops,98
,Aahrus Moosi,96,Holykol Bears,115
,TND Tanks,124,Lyintaria Lynx,86
,Faehrenfall Feathercats,105,Pyxanovia Pixies,100
,Ethanthova Ponies,124,Transhimalia Disasters,91
,Dotruga Falno,125,Height Sagua Cats,114
,Czalliso Pythons,120,Key to Don Yees,117
,Boltway Bad Dragons,79,Manwx Saguans,114
,Aiyota Pumps,131,Pxalit'k'a Pirates,88
,Ávura Aviators,88,Sagua Ocelots,107
,Stedro Boulders,96,Serkr Atolls,102
,Shmupland Dictators,148,Solea Geysers,100
,Red Rainbow Sickles,110,Autolik Autonomy,105
,Naxda Nomads,128,Barsein Bats,109
,Calto Cows,107,Blanaxon Hammers,111
Game 100,Home,Score,Away,Score
,Red Rainbow Sickles,125,Auspikitan Golden Falcons,115
,Naxda Nomads,105,Shmupland Dictators,99
,Calto Cows,124,Stedro Boulders,125
,Blanaxon Hammers,104,Ávura Aviators,90
,Barsein Bats,130,Aiyota Pumps,119
,Autolik Autonomy,101,Boltway Bad Dragons,108
,Solea Geysers,117,Czalliso Pythons,87
,Serkr Atolls,110,Dotruga Falno,128
,Sagua Ocelots,124,Ethanthova Ponies,112
,Pxalit'k'a Pirates,91,Faehrenfall Feathercats,106
,Manwx Saguans,136,TND Tanks,102
,Key to Don Yees,132,Aahrus Moosi,110
,Height Sagua Cats,100,Bongatar Banging Bongos,115
,Transhimalia Disasters,89,Dvimne Spirits,134
,Pyxanovia Pixies,120,Holy Yektonisa Bishops,95
,Lyintaria Lynx,91,Holykol Bears,96
Game 101,Home,Score,Away,Score
,Solea Geysers,109,Auspikitan Golden Falcons,95
,Serkr Atolls,108,Autolik Autonomy,94
,Sagua Ocelots,92,Barsein Bats,89
,Pxalit'k'a Pirates,102,Blanaxon Hammers,112
,Manwx Saguans,122,Calto Cows,103
,Key to Don Yees,139,Naxda Nomads,146
,Height Sagua Cats,75,Red Rainbow Sickles,86
,Transhimalia Disasters,81,Shmupland Dictators,128
,Pyxanovia Pixies,109,Stedro Boulders,89
,Lyintaria Lynx,111,Ávura Aviators,101
,Holykol Bears,123,Aiyota Pumps,119
,Holy Yektonisa Bishops,120,Boltway Bad Dragons,92
,Dvimne Spirits,123,Czalliso Pythons,96
,Bongatar Banging Bongos,89,Dotruga Falno,128
,Aahrus Moosi,98,Ethanthova Ponies,120
,TND Tanks,80,Faehrenfall Feathercats,115
Game 102,Home,Score,Away,Score
,Aiyota Pumps,106,Transhimalia Disasters,102
,Ávura Aviators,102,Boltway Bad Dragons,100
,Pyxanovia Pixies,116,Czalliso Pythons,93
,Lyintaria Lynx,97,Dotruga Falno,120
,Holykol Bears,110,Ethanthova Ponies,123
,Holy Yektonisa Bishops,124,Faehrenfall Feathercats,121
,Dvimne Spirits,88,TND Tanks,118
,Bongatar Banging Bongos,99,Aahrus Moosi,123
,Shmupland Dictators,136,Auspikitan Golden Falcons,88
,Stedro Boulders,132,Red Rainbow Sickles,134
,Height Sagua Cats,85,Naxda Nomads,99
,Key to Don Yees,101,Calto Cows,106
,Manwx Saguans,128,Blanaxon Hammers,110
,Pxalit'k'a Pirates,101,Barsein Bats,112
,Sagua Ocelots,86,Autolik Autonomy,111
,Serkr Atolls,80,Solea Geysers,117
Game 103,Home,Score,Away,Score
,Stedro Boulders,93,Auspikitan Golden Falcons,96
,Shmupland Dictators,127,Ávura Aviators,96
,Red Rainbow Sickles,100,Aiyota Pumps,107
,Naxda Nomads,111,Boltway Bad Dragons,107
,Calto Cows,106,Czalliso Pythons,91
,Blanaxon Hammers,107,Dotruga Falno,114
,Barsein Bats,107,Ethanthova Ponies,98
,Autolik Autonomy,104,Faehrenfall Feathercats,103
,Solea Geysers,141,TND Tanks,103
,Serkr Atolls,104,Aahrus Moosi,80
,Sagua Ocelots,93,Bongatar Banging Bongos,87
,Pxalit'k'a Pirates,128,Dvimne Spirits,131
,Manwx Saguans,114,Holy Yektonisa Bishops,96
,Key to Don Yees,122,Holykol Bears,93
,Height Sagua Cats,114,Lyintaria Lynx,102
,Transhimalia Disasters,109,Pyxanovia Pixies,110
Game 104,Home,Score,Away,Score
,Auspikitan Golden Falcons,121,Transhimalia Disasters,104
,Height Sagua Cats,119,Pyxanovia Pixies,109, BOUNCE
,Key to Don Yees,108,Lyintaria Lynx,95
,Manwx Saguans,125,Holykol Bears,105
,Pxalit'k'a Pirates,119,Holy Yektonisa Bishops,105
,Sagua Ocelots,130,Dvimne Spirits,151
,Serkr Atolls,116,Bongatar Banging Bongos,103
,Solea Geysers,107,Aahrus Moosi,87
,Autolik Autonomy,100,TND Tanks,101
,Barsein Bats,112,Faehrenfall Feathercats,119
,Blanaxon Hammers,104,Ethanthova Ponies,97
,Calto Cows,126,Dotruga Falno,103
,Naxda Nomads,95,Czalliso Pythons,114
,Red Rainbow Sickles,109,Boltway Bad Dragons,93
,Shmupland Dictators,117,Aiyota Pumps,116
,Stedro Boulders,117,Ávura Aviators,106
Game 105,Home,Score,Away,Score
,Auspikitan Golden Falcons,112,Pyxanovia Pixies,110
,Lyintaria Lynx,108,Transhimalia Disasters,99
,Holykol Bears,119,Height Sagua Cats,91
,Holy Yektonisa Bishops,101,Key to Don Yees,110
,Dvimne Spirits,112,Manwx Saguans,90
,Bongatar Banging Bongos,114,Pxalit'k'a Pirates,78
,Aahrus Moosi,129,Sagua Ocelots,108
,TND Tanks,109,Serkr Atolls,104
,Faehrenfall Feathercats,116,Solea Geysers,103
,Ethanthova Ponies,108,Autolik Autonomy,113
,Dotruga Falno,119,Barsein Bats,106
,Czalliso Pythons,104,Blanaxon Hammers,106
,Boltway Bad Dragons,90,Calto Cows,114
,Aiyota Pumps,101,Naxda Nomads,117
,Ávura Aviators,82,Red Rainbow Sickles,97
,Stedro Boulders,111,Shmupland Dictators,133
Game 106,Home,Score,Away,Score
,Auspikitan Golden Falcons,129,Bongatar Banging Bongos,98
,Dvimne Spirits,121,Aahrus Moosi,112
,Holy Yektonisa Bishops,91,TND Tanks,94
,Holykol Bears,106,Faehrenfall Feathercats,108
,Lyintaria Lynx,78,Ethanthova Ponies,96
,Pyxanovia Pixies,123,Dotruga Falno,116
,Transhimalia Disasters,90,Czalliso Pythons,114
,Height Sagua Cats,108,Boltway Bad Dragons,91
,Key to Don Yees,109,Aiyota Pumps,102
,Manwx Saguans,114,Ávura Aviators,78
,Pxalit'k'a Pirates,107,Stedro Boulders,96
,Sagua Ocelots,89,Shmupland Dictators,108
,Serkr Atolls,99,Red Rainbow Sickles,98
,Solea Geysers,127,Naxda Nomads,124
,Autolik Autonomy,120,Calto Cows,93
,Barsein Bats,109,Blanaxon Hammers,129
Game 107,Home,Score,Away,Score
,Auspikitan Golden Falcons,110,Ávura Aviators,116
,Stedro Boulders,100,Aiyota Pumps,92
,Shmupland Dictators,125,Boltway Bad Dragons,73
,Red Rainbow Sickles,120,Czalliso Pythons,111
,Naxda Nomads,92,Dotruga Falno,118
,Calto Cows,104,Ethanthova Ponies,99
,Blanaxon Hammers,110,Faehrenfall Feathercats,117
,Barsein Bats,121,TND Tanks,95, BOUNCE
,Autolik Autonomy,86,Aahrus Moosi,114
,Solea Geysers,125,Bongatar Banging Bongos,97
,Serkr Atolls,114,Dvimne Spirits,113
,Sagua Ocelots,104,Holy Yektonisa Bishops,114
,Pxalit'k'a Pirates,127,Holykol Bears,91
,Manwx Saguans,122,Lyintaria Lynx,95
,Key to Don Yees,118,Pyxanovia Pixies,131
,Height Sagua Cats,108,Transhimalia Disasters,94
Game 108,Home,Score,Away,Score
,Auspikitan Golden Falcons,120,Sagua Ocelots,101
,Serkr Atolls,114,Pxalit'k'a Pirates,107
,Solea Geysers,106,Manwx Saguans,104
,Autolik Autonomy,132,Key to Don Yees,104
,Barsein Bats,115,Height Sagua Cats,94
,Blanaxon Hammers,111,Transhimalia Disasters,100
,Calto Cows,112,Pyxanovia Pixies,125
,Naxda Nomads,119,Lyintaria Lynx,85
,Red Rainbow Sickles,120,Holykol Bears,123
,Shmupland Dictators,120,Holy Yektonisa Bishops,88
,Stedro Boulders,89,Dvimne Spirits,121
,Ávura Aviators,123,Bongatar Banging Bongos,112
,Aiyota Pumps,101,Aahrus Moosi,117
,Boltway Bad Dragons,95,TND Tanks,119
,Czalliso Pythons,110,Faehrenfall Feathercats,103
,Dotruga Falno,91,Ethanthova Ponies,94
Game 109,Home,Score,Away,Score
,Auspikitan Golden Falcons,118,Height Sagua Cats,97
,Key to Don Yees,116,Transhimalia Disasters,117
,Manwx Saguans,105,Pyxanovia Pixies,108
,Pxalit'k'a Pirates,118,Lyintaria Lynx,98
,Sagua Ocelots,98,Holykol Bears,101
,Serkr Atolls,104,Holy Yektonisa Bishops,95
,Solea Geysers,105,Dvimne Spirits,97
,Autolik Autonomy,102,Bongatar Banging Bongos,105
,Barsein Bats,84,Aahrus Moosi,110
,Blanaxon Hammers,112,TND Tanks,98
,Calto Cows,96,Faehrenfall Feathercats,99
,Naxda Nomads,121,Ethanthova Ponies,112
,Red Rainbow Sickles,112,Dotruga Falno,120
,Shmupland Dictators,129,Czalliso Pythons,89
,Stedro Boulders,143,Boltway Bad Dragons,94
,Ávura Aviators,120,Aiyota Pumps,94
Game 110,Home,Score,Away,Score
,Bongatar Banging Bongos,100,Auspikitan Golden Falcons,116
,Aahrus Moosi,107,Dvimne Spirits,112
,TND Tanks,84,Holy Yektonisa Bishops,107
,Faehrenfall Feathercats,121,Holykol Bears,100
,Ethanthova Ponies,115,Lyintaria Lynx,107
,Dotruga Falno,128,Pyxanovia Pixies,104
,Czalliso Pythons,113,Transhimalia Disasters,96
,Boltway Bad Dragons,109,Height Sagua Cats,114
,Aiyota Pumps,120,Key to Don Yees,112
,Ávura Aviators,85,Manwx Saguans,105
,Stedro Boulders,107,Pxalit'k'a Pirates,109
,Shmupland Dictators,127,Sagua Ocelots,108
,Red Rainbow Sickles,101,Serkr Atolls,93
,Naxda Nomads,102,Solea Geysers,103
,Calto Cows,112,Autolik Autonomy,89
,Blanaxon Hammers,112,Barsein Bats,126
Game 111,Home,Score,Away,Score
,Ethanthova Ponies,121,Transhimalia Disasters,86
,Dotruga Falno,107,Faehrenfall Feathercats,98
,Czalliso Pythons,117,TND Tanks,92
,Boltway Bad Dragons,91,Aahrus Moosi,113
,Aiyota Pumps,108,Bongatar Banging Bongos,93
,Ávura Aviators,101,Dvimne Spirits,132
,Pyxanovia Pixies,118,Holy Yektonisa Bishops,93
,Lyintaria Lynx,106,Holykol Bears,96
,Blanaxon Hammers,97,Auspikitan Golden Falcons,110
,Calto Cows,120,Barsein Bats,94
,Naxda Nomads,118,Autolik Autonomy,90
,Red Rainbow Sickles,101,Solea Geysers,107
,Shmupland Dictators,106,Serkr Atolls,93
,Stedro Boulders,109,Sagua Ocelots,119
,Height Sagua Cats,93,Pxalit'k'a Pirates,108
,Key to Don Yees,121,Manwx Saguans,115
Game 112,Home,Score,Away,Score
,Auspikitan Golden Falcons,86,Lyintaria Lynx,107, BOUNCE
,Pyxanovia Pixies,131,Holykol Bears,104
,Transhimalia Disasters,87,Holy Yektonisa Bishops,108
,Height Sagua Cats,90,Dvimne Spirits,121
,Key to Don Yees,125,Bongatar Banging Bongos,109
,Manwx Saguans,107,Aahrus Moosi,101
,Pxalit'k'a Pirates,99,TND Tanks,101
,Sagua Ocelots,101,Faehrenfall Feathercats,99
,Serkr Atolls,115,Ethanthova Ponies,104
,Solea Geysers,125,Dotruga Falno,131
,Autolik Autonomy,91,Czalliso Pythons,104
,Barsein Bats,118,Boltway Bad Dragons,89
,Blanaxon Hammers,112,Aiyota Pumps,110
,Calto Cows,139,Ávura Aviators,113
,Naxda Nomads,107,Stedro Boulders,103
,Red Rainbow Sickles,110,Shmupland Dictators,126
Game 113,Home,Score,Away,Score
,Serkr Atolls,114,Auspikitan Golden Falcons,105
,Solea Geysers,103,Sagua Ocelots,84
,Height Sagua Cats,86,Pxalit'k'a Pirates,123
,Manwx Saguans,130,Key to Don Yees,92
,Shmupland Dictators,130,Autolik Autonomy,96
,Stedro Boulders,100,Red Rainbow Sickles,84
,Barsein Bats,111,Naxda Nomads,104
,Calto Cows,138,Blanaxon Hammers,109
,Bongatar Banging Bongos,101,Transhimalia Disasters,114
,Aahrus Moosi,109,Dvimne Spirits,120
,Pyxanovia Pixies,120,Holy Yektonisa Bishops,103
,Holykol Bears,119,Lyintaria Lynx,107
,Aiyota Pumps,120,TND Tanks,87
,Ávura Aviators,98,Boltway Bad Dragons,113
,Faehrenfall Feathercats,116,Czalliso Pythons,96
,Dotruga Falno,120,Ethanthova Ponies,112
Game 114,Home,Score,Away,Score
,Auspikitan Golden Falcons,119,Ethanthova Ponies,120
,Faehrenfall Feathercats,104,Dotruga Falno,117
,TND Tanks,102,Czalliso Pythons,99
,Aahrus Moosi,84,Boltway Bad Dragons,100
,Bongatar Banging Bongos,91,Aiyota Pumps,104
,Dvimne Spirits,105,Ávura Aviators,104, BOUNCE
,Holy Yektonisa Bishops,101,Stedro Boulders,119
,Holykol Bears,113,Shmupland Dictators,110
,Lyintaria Lynx,115,Red Rainbow Sickles,104
,Pyxanovia Pixies,122,Naxda Nomads,106
,Transhimalia Disasters,89,Calto Cows,103, BOUNCE
,Height Sagua Cats,120,Blanaxon Hammers,110
,Key to Don Yees,111,Barsein Bats,105
,Manwx Saguans,127,Autolik Autonomy,93
,Pxalit'k'a Pirates,117,Solea Geysers,118
,Sagua Ocelots,122,Serkr Atolls,105
Game 115,Home,Score,Away,Score
,Pxalit'k'a Pirates,110,Auspikitan Golden Falcons,111
,Sagua Ocelots,128,Manwx Saguans,123
,Serkr Atolls,141,Key to Don Yees,105
,Solea Geysers,133,Height Sagua Cats,99
,Autolik Autonomy,89,Transhimalia Disasters,87
,Barsein Bats,113,Pyxanovia Pixies,120
,Blanaxon Hammers,114,Lyintaria Lynx,94
,Calto Cows,126,Holykol Bears,122
,Naxda Nomads,104,Holy Yektonisa Bishops,101
,Red Rainbow Sickles,104,Dvimne Spirits,111
,Shmupland Dictators,119,Bongatar Banging Bongos,81
,Stedro Boulders,119,Aahrus Moosi,109
,Ávura Aviators,122,TND Tanks,97
,Aiyota Pumps,116,Faehrenfall Feathercats,91
,Boltway Bad Dragons,101,Ethanthova Ponies,128
,Czalliso Pythons,112,Dotruga Falno,104
Game 116,Home,Score,Away,Score
,Holykol Bears,133,Auspikitan Golden Falcons,112
,Lyintaria Lynx,117,Holy Yektonisa Bishops,102
,Pyxanovia Pixies,110,Dvimne Spirits,97
,Transhimalia Disasters,103,Bongatar Banging Bongos,104
,Height Sagua Cats,94,Aahrus Moosi,120
,Key to Don Yees,122,TND Tanks,101
,Manwx Saguans,114,Faehrenfall Feathercats,110
,Pxalit'k'a Pirates,111,Ethanthova Ponies,103
,Sagua Ocelots,103,Dotruga Falno,108
,Serkr Atolls,122,Czalliso Pythons,128
,Solea Geysers,124,Boltway Bad Dragons,84
,Autolik Autonomy,96,Aiyota Pumps,113
,Barsein Bats,107,Ávura Aviators,105
,Blanaxon Hammers,117,Stedro Boulders,103
,Calto Cows,94,Shmupland Dictators,130
,Naxda Nomads,125,Red Rainbow Sickles,103
Game 117,Home,Score,Away,Score
,Auspikitan Golden Falcons,137,Holykol Bears,106
,Holy Yektonisa Bishops,121,Lyintaria Lynx,100
,Dvimne Spirits,117,Pyxanovia Pixies,87
,Bongatar Banging Bongos,85,Transhimalia Disasters,116
,Aahrus Moosi,122,Height Sagua Cats,95
,TND Tanks,120,Key to Don Yees,107
,Faehrenfall Feathercats,101,Manwx Saguans,97
,Ethanthova Ponies,111,Pxalit'k'a Pirates,94
,Dotruga Falno,109,Sagua Ocelots,86
,Czalliso Pythons,101,Serkr Atolls,125
,Boltway Bad Dragons,90,Solea Geysers,101
,Aiyota Pumps,132,Autolik Autonomy,104
,Ávura Aviators,106,Barsein Bats,100
,Stedro Boulders,127,Blanaxon Hammers,124
,Shmupland Dictators,130,Calto Cows,77
,Red Rainbow Sickles,113,Naxda Nomads,114
Game 118,Home,Score,Away,Score
,Shmupland Dictators,113,Auspikitan Golden Falcons,104
,Stedro Boulders,112,Red Rainbow Sickles,102
,Ávura Aviators,115,Naxda Nomads,103
,Aiyota Pumps,124,Calto Cows,77
,Boltway Bad Dragons,87,Blanaxon Hammers,120
,Czalliso Pythons,107,Barsein Bats,94
,Dotruga Falno,115,Autolik Autonomy,97
,Ethanthova Ponies,130,Solea Geysers,108
,Faehrenfall Feathercats,90,Serkr Atolls,121
,TND Tanks,111,Sagua Ocelots,103
,Aahrus Moosi,112,Pxalit'k'a Pirates,101
,Bongatar Banging Bongos,99,Manwx Saguans,127
,Dvimne Spirits,122,Key to Don Yees,98
,Holy Yektonisa Bishops,109,Height Sagua Cats,101
,Holykol Bears,122,Transhimalia Disasters,96
,Lyintaria Lynx,93,Pyxanovia Pixies,98
Game 119,Home,Score,Away,Score
,Autolik Autonomy,109,Auspikitan Golden Falcons,133
,Barsein Bats,140,Solea Geysers,142
,Blanaxon Hammers,107,Serkr Atolls,117
,Calto Cows,114,Sagua Ocelots,103
,Naxda Nomads,93,Pxalit'k'a Pirates,91
,Red Rainbow Sickles,110,Manwx Saguans,99
,Shmupland Dictators,132,Key to Don Yees,97
,Stedro Boulders,117,Height Sagua Cats,100
,Ávura Aviators,108,Transhimalia Disasters,82
,Aiyota Pumps,105,Pyxanovia Pixies,107
,Boltway Bad Dragons,102,Lyintaria Lynx,103
,Czalliso Pythons,109,Holykol Bears,114
,Dotruga Falno,120,Holy Yektonisa Bishops,97
,Ethanthova Ponies,118,Dvimne Spirits,112
,Faehrenfall Feathercats,105,Bongatar Banging Bongos,120
,TND Tanks,83,Aahrus Moosi,92
Game 120,Home,Score,Away,Score
,Czalliso Pythons,120,Transhimalia Disasters,91
,Boltway Bad Dragons,115,Dotruga Falno,108, BOUNCE
,Aiyota Pumps,99,Ethanthova Ponies,95
,Ávura Aviators,95,Faehrenfall Feathercats,100, BOUNCE
,Pyxanovia Pixies,123,TND Tanks,113
,Lyintaria Lynx,124,Aahrus Moosi,101, BOUNCE
,Holykol Bears,119,Bongatar Banging Bongos,115
,Holy Yektonisa Bishops,120,Dvimne Spirits,116
,Naxda Nomads,109,Auspikitan Golden Falcons,118
,Red Rainbow Sickles,115,Calto Cows,95
,Shmupland Dictators,126,Blanaxon Hammers,103
,Stedro Boulders,105,Barsein Bats,121
,Height Sagua Cats,114,Autolik Autonomy,106
,Key to Don Yees,123,Solea Geysers,136
,Manwx Saguans,123,Serkr Atolls,115
,Pxalit'k'a Pirates,109,Sagua Ocelots,97
Game 121,Home,Score,Away,Score
,Auspikitan Golden Falcons,110,Serkr Atolls,107
,Sagua Ocelots,91,Solea Geysers,110
,Pxalit'k'a Pirates,96,Autolik Autonomy,95
,Manwx Saguans,113,Barsein Bats,114
,Key to Don Yees,107,Blanaxon Hammers,105
,Height Sagua Cats,96,Calto Cows,101
,Transhimalia Disasters,76,Naxda Nomads,120
,Pyxanovia Pixies,115,Red Rainbow Sickles,131
,Lyintaria Lynx,87,Shmupland Dictators,101
,Holykol Bears,122,Stedro Boulders,126
,Holy Yektonisa Bishops,99,Ávura Aviators,113
,Dvimne Spirits,112,Aiyota Pumps,82
,Bongatar Banging Bongos,107,Boltway Bad Dragons,98
,Aahrus Moosi,107,Czalliso Pythons,102
,TND Tanks,98,Dotruga Falno,114
,Faehrenfall Feathercats,96,Ethanthova Ponies,115
Game 122,Home,Score,Away,Score
,Transhimalia Disasters,87,Dvimne Spirits,115
,Bongatar Banging Bongos,108,Holy Yektonisa Bishops,119
,Aahrus Moosi,140,Holykol Bears,94
,TND Tanks,115,Lyintaria Lynx,91
,Faehrenfall Feathercats,108,Pyxanovia Pixies,95
,Ethanthova Ponies,108,Ávura Aviators,93
,Dotruga Falno,129,Aiyota Pumps,98
,Czalliso Pythons,120,Boltway Bad Dragons,94
,Auspikitan Golden Falcons,97,Sagua Ocelots,103, BOUNCE
,Serkr Atolls,114,Pxalit'k'a Pirates,112
,Solea Geysers,100,Manwx Saguans,136, BOUNCE
,Autolik Autonomy,102,Key to Don Yees,107
,Barsein Bats,107,Height Sagua Cats,105
,Blanaxon Hammers,97,Stedro Boulders,115
,Calto Cows,122,Shmupland Dictators,113
,Naxda Nomads,107,Red Rainbow Sickles,106
Game 123,Home,Score,Away,Score
,Auspikitan Golden Falcons,121,Aahrus Moosi,95
,TND Tanks,98,Bongatar Banging Bongos,91
,Faehrenfall Feathercats,112,Dvimne Spirits,123
,Ethanthova Ponies,91,Holy Yektonisa Bishops,106
,Dotruga Falno,127,Holykol Bears,111
,Czalliso Pythons,109,Lyintaria Lynx,87
,Boltway Bad Dragons,89,Pyxanovia Pixies,127
,Aiyota Pumps,138,Transhimalia Disasters,109
,Ávura Aviators,108,Height Sagua Cats,92
,Stedro Boulders,118,Key to Don Yees,103
,Shmupland Dictators,140,Manwx Saguans,134
,Red Rainbow Sickles,109,Pxalit'k'a Pirates,98
,Naxda Nomads,128,Sagua Ocelots,117
,Calto Cows,124,Serkr Atolls,97
,Blanaxon Hammers,128,Solea Geysers,134
,Barsein Bats,93,Autolik Autonomy,87
Game 124,Home,Score,Away,Score
,Holy Yektonisa Bishops,104,Auspikitan Golden Falcons,105
,Dvimne Spirits,124,Holykol Bears,111
,Bongatar Banging Bongos,104,Lyintaria Lynx,109
,Aahrus Moosi,124,Pyxanovia Pixies,120
,TND Tanks,100,Transhimalia Disasters,101
,Faehrenfall Feathercats,105,Height Sagua Cats,96
,Ethanthova Ponies,103,Key to Don Yees,99
,Dotruga Falno,103,Manwx Saguans,105
,Czalliso Pythons,97,Pxalit'k'a Pirates,108
,Boltway Bad Dragons,116,Sagua Ocelots,119
,Aiyota Pumps,103,Serkr Atolls,91
,Ávura Aviators,115,Solea Geysers,123
,Stedro Boulders,90,Autolik Autonomy,127, BOUNCE
,Shmupland Dictators,117,Barsein Bats,89
,Red Rainbow Sickles,119,Blanaxon Hammers,117
,Naxda Nomads,112,Calto Cows,115
Game 125,Home,Score,Away,Score
,Transhimalia Disasters,107,Pyxanovia Pixies,108
,Lyintaria Lynx,84,Ávura Aviators,109
,Holykol Bears,104,Aiyota Pumps,105
,Holy Yektonisa Bishops,110,Boltway Bad Dragons,99
,Dvimne Spirits,107,Czalliso Pythons,90
,Bongatar Banging Bongos,86,Dotruga Falno,113
,Aahrus Moosi,109,Ethanthova Ponies,104
,TND Tanks,107,Faehrenfall Feathercats,80
,Auspikitan Golden Falcons,131,Height Sagua Cats,93
,Key to Don Yees,113,Stedro Boulders,105
,Manwx Saguans,86,Shmupland Dictators,103
,Pxalit'k'a Pirates,110,Red Rainbow Sickles,125
,Sagua Ocelots,108,Naxda Nomads,95
,Serkr Atolls,106,Calto Cows,105
,Solea Geysers,124,Blanaxon Hammers,113
,Autolik Autonomy,134,Barsein Bats,140
Game 126,Home,Score,Away,Score
,Auspikitan Golden Falcons,135,Boltway Bad Dragons,115
,Aiyota Pumps,113,Czalliso Pythons,95
,Ávura Aviators,114,Dotruga Falno,122
,Stedro Boulders,96,Ethanthova Ponies,114
,Shmupland Dictators,119,Faehrenfall Feathercats,105
,Red Rainbow Sickles,96,TND Tanks,104
,Naxda Nomads,103,Aahrus Moosi,109
,Calto Cows,141,Bongatar Banging Bongos,113
,Blanaxon Hammers,111,Dvimne Spirits,122
,Barsein Bats,110,Holy Yektonisa Bishops,109
,Autolik Autonomy,123,Holykol Bears,121
,Solea Geysers,118,Lyintaria Lynx,105
,Serkr Atolls,129,Pyxanovia Pixies,122
,Sagua Ocelots,127,Transhimalia Disasters,88
,Pxalit'k'a Pirates,118,Height Sagua Cats,98
,Manwx Saguans,131,Key to Don Yees,103
Game 127,Home,Score,Away,Score
,Dvimne Spirits,127,Auspikitan Golden Falcons,99
,Holy Yektonisa Bishops,104,Bongatar Banging Bongos,106
,Holykol Bears,103,Aahrus Moosi,118
,Lyintaria Lynx,99,TND Tanks,123
,Pyxanovia Pixies,99,Faehrenfall Feathercats,110
,Transhimalia Disasters,93,Ethanthova Ponies,113
,Height Sagua Cats,107,Dotruga Falno,127
,Key to Don Yees,105,Czalliso Pythons,117
,Manwx Saguans,127,Boltway Bad Dragons,103
,Pxalit'k'a Pirates,109,Aiyota Pumps,115
,Sagua Ocelots,116,Ávura Aviators,91
,Serkr Atolls,107,Stedro Boulders,93
,Solea Geysers,99,Shmupland Dictators,117
,Autolik Autonomy,108,Red Rainbow Sickles,109
,Barsein Bats,98,Naxda Nomads,88
,Blanaxon Hammers,109,Calto Cows,113
Game 128,Home,Score,Away,Score
,Auspikitan Golden Falcons,93,Aiyota Pumps,104
,Boltway Bad Dragons,112,Ávura Aviators,94
,Czalliso Pythons,106,Stedro Boulders,105
,Dotruga Falno,133,Shmupland Dictators,135
,Ethanthova Ponies,103,Red Rainbow Sickles,100
,Faehrenfall Feathercats,94,Naxda Nomads,109
,TND Tanks,93,Calto Cows,94
,Aahrus Moosi,119,Blanaxon Hammers,100
,Bongatar Banging Bongos,114,Barsein Bats,125
,Dvimne Spirits,105,Autolik Autonomy,98
,Holy Yektonisa Bishops,101,Solea Geysers,116
,Holykol Bears,137,Serkr Atolls,138
,Lyintaria Lynx,100,Sagua Ocelots,106
,Pyxanovia Pixies,109,Pxalit'k'a Pirates,92
,Transhimalia Disasters,91,Manwx Saguans,111
,Height Sagua Cats,129,Key to Don Yees,111
Game 129,Home,Score,Away,Score
,Czalliso Pythons,120,Auspikitan Golden Falcons,105
,Boltway Bad Dragons,101,Dotruga Falno,128
,Aiyota Pumps,101,Ethanthova Ponies,110
,Ávura Aviators,111,Faehrenfall Feathercats,107
,Stedro Boulders,113,TND Tanks,121
,Shmupland Dictators,126,Aahrus Moosi,77
,Red Rainbow Sickles,129,Bongatar Banging Bongos,112
,Naxda Nomads,105,Dvimne Spirits,89
,Calto Cows,108,Holy Yektonisa Bishops,87
,Blanaxon Hammers,118,Holykol Bears,96
,Barsein Bats,106,Lyintaria Lynx,101
,Autolik Autonomy,108,Pyxanovia Pixies,118
,Solea Geysers,121,Transhimalia Disasters,80
,Serkr Atolls,110,Height Sagua Cats,115, BOUNCE
,Sagua Ocelots,122,Key to Don Yees,98
,Pxalit'k'a Pirates,90,Manwx Saguans,98
Game 130,Home,Score,Away,Score
,TND Tanks,112,Auspikitan Golden Falcons,107
,Faehrenfall Feathercats,83,Aahrus Moosi,92
,Ethanthova Ponies,124,Bongatar Banging Bongos,94
,Dotruga Falno,107,Dvimne Spirits,131
,Czalliso Pythons,113,Holy Yektonisa Bishops,103
,Boltway Bad Dragons,103,Holykol Bears,119
,Aiyota Pumps,104,Lyintaria Lynx,118
,Ávura Aviators,101,Pyxanovia Pixies,119
,Stedro Boulders,96,Transhimalia Disasters,97
,Shmupland Dictators,104,Height Sagua Cats,87
,Red Rainbow Sickles,121,Key to Don Yees,115
,Naxda Nomads,77,Manwx Saguans,112
,Calto Cows,101,Pxalit'k'a Pirates,96
,Blanaxon Hammers,88,Sagua Ocelots,112
,Barsein Bats,116,Serkr Atolls,112
,Autolik Autonomy,94,Solea Geysers,84
Game 131,Home,Score,Away,Score
,Serkr Atolls,124,Auspikitan Golden Falcons,111
,Solea Geysers,118,Sagua Ocelots,105
,Autolik Autonomy,102,Pxalit'k'a Pirates,101
,Barsein Bats,104,Manwx Saguans,107
,Blanaxon Hammers,118,Key to Don Yees,107
,Calto Cows,123,Height Sagua Cats,68
,Naxda Nomads,109,Transhimalia Disasters,84
,Red Rainbow Sickles,114,Pyxanovia Pixies,133
,Shmupland Dictators,142,Lyintaria Lynx,86
,Stedro Boulders,100,Holykol Bears,92
,Ávura Aviators,96,Holy Yektonisa Bishops,105
,Aiyota Pumps,106,Dvimne Spirits,118
,Boltway Bad Dragons,137,Bongatar Banging Bongos,105
,Czalliso Pythons,110,Aahrus Moosi,106
,Dotruga Falno,119,TND Tanks,96
,Ethanthova Ponies,120,Faehrenfall Feathercats,89
Game 132,Home,Score,Away,Score
,Auspikitan Golden Falcons,114,Autolik Autonomy,97
,Solea Geysers,100,Barsein Bats,99
,Serkr Atolls,103,Blanaxon Hammers,108
,Sagua Ocelots,120,Calto Cows,100
,Pxalit'k'a Pirates,113,Naxda Nomads,98
,Manwx Saguans,111,Red Rainbow Sickles,99
,Key to Don Yees,109,Shmupland Dictators,108
,Height Sagua Cats,126,Stedro Boulders,111
,Transhimalia Disasters,90,Ávura Aviators,97
,Pyxanovia Pixies,123,Aiyota Pumps,100
,Lyintaria Lynx,97,Boltway Bad Dragons,101
,Holykol Bears,141,Czalliso Pythons,136
,Holy Yektonisa Bishops,95,Dotruga Falno,106
,Dvimne Spirits,127,Ethanthova Ponies,107
,Bongatar Banging Bongos,105,Faehrenfall Feathercats,89
,Aahrus Moosi,117,TND Tanks,88
Game 133,Home,Score,Away,Score
,Aahrus Moosi,98,Auspikitan Golden Falcons,117
,Bongatar Banging Bongos,97,TND Tanks,88
,Dvimne Spirits,123,Faehrenfall Feathercats,101
,Holy Yektonisa Bishops,96,Ethanthova Ponies,97
,Holykol Bears,133,Dotruga Falno,137
,Lyintaria Lynx,101,Czalliso Pythons,119
,Pyxanovia Pixies,127,Boltway Bad Dragons,100
,Transhimalia Disasters,76,Aiyota Pumps,84
,Height Sagua Cats,102,Ávura Aviators,112
,Key to Don Yees,113,Stedro Boulders,119
,Manwx Saguans,115,Shmupland Dictators,104
,Pxalit'k'a Pirates,114,Red Rainbow Sickles,127
,Sagua Ocelots,123,Naxda Nomads,104
,Serkr Atolls,120,Calto Cows,110
,Solea Geysers,127,Blanaxon Hammers,109
,Autolik Autonomy,101,Barsein Bats,105
Game 134,Home,Score,Away,Score
,Boltway Bad Dragons,130,Auspikitan Golden Falcons,128
,Czalliso Pythons,124,Aiyota Pumps,118
,Dotruga Falno,114,Ávura Aviators,77
,Ethanthova Ponies,114,Stedro Boulders,107
,Faehrenfall Feathercats,95,Shmupland Dictators,108
,TND Tanks,110,Red Rainbow Sickles,113
,Aahrus Moosi,103,Naxda Nomads,83
,Bongatar Banging Bongos,99,Calto Cows,115
,Dvimne Spirits,120,Blanaxon Hammers,98
,Holy Yektonisa Bishops,86,Barsein Bats,107
,Holykol Bears,130,Autolik Autonomy,114
,Lyintaria Lynx,104,Solea Geysers,96, BOUNCE
,Pyxanovia Pixies,110,Serkr Atolls,106
,Transhimalia Disasters,95,Sagua Ocelots,111
,Height Sagua Cats,95,Pxalit'k'a Pirates,105
,Key to Don Yees,99,Manwx Saguans,112
Game 135,Home,Score,Away,Score
,Pyxanovia Pixies,88,Auspikitan Golden Falcons,105
,Transhimalia Disasters,121,Lyintaria Lynx,103
,Height Sagua Cats,104,Holykol Bears,116
,Key to Don Yees,113,Holy Yektonisa Bishops,109
,Manwx Saguans,95,Dvimne Spirits,107
,Pxalit'k'a Pirates,121,Bongatar Banging Bongos,101
,Sagua Ocelots,123,Aahrus Moosi,126
,Serkr Atolls,125,TND Tanks,96
,Solea Geysers,109,Faehrenfall Feathercats,110
,Autolik Autonomy,77,Ethanthova Ponies,110
,Barsein Bats,114,Dotruga Falno,117
,Blanaxon Hammers,106,Czalliso Pythons,121
,Calto Cows,121,Boltway Bad Dragons,89
,Naxda Nomads,119,Aiyota Pumps,108
,Red Rainbow Sickles,101,Ávura Aviators,97
,Shmupland Dictators,120,Stedro Boulders,81
Game 136,Home,Score,Away,Score
,Auspikitan Golden Falcons,122,Faehrenfall Feathercats,100
,Ethanthova Ponies,111,TND Tanks,91
,Dotruga Falno,117,Aahrus Moosi,113
,Czalliso Pythons,122,Bongatar Banging Bongos,99
,Boltway Bad Dragons,118,Dvimne Spirits,135
,Aiyota Pumps,130,Holy Yektonisa Bishops,129
,Ávura Aviators,93,Holykol Bears,105
,Stedro Boulders,115,Lyintaria Lynx,89
,Shmupland Dictators,127,Pyxanovia Pixies,107
,Red Rainbow Sickles,109,Transhimalia Disasters,115
,Naxda Nomads,134,Height Sagua Cats,112
,Calto Cows,102,Key to Don Yees,104
,Blanaxon Hammers,111,Manwx Saguans,120
,Barsein Bats,115,Pxalit'k'a Pirates,111
,Autolik Autonomy,103,Sagua Ocelots,111
,Solea Geysers,118,Serkr Atolls,86
Game 137,Home,Score,Away,Score
,Naxda Nomads,125,Auspikitan Golden Falcons,113
,Red Rainbow Sickles,126,Calto Cows,107
,Shmupland Dictators,125,Blanaxon Hammers,109, BOUNCE
,Stedro Boulders,117,Barsein Bats,110
,Ávura Aviators,121,Autolik Autonomy,94
,Aiyota Pumps,98,Solea Geysers,109
,Boltway Bad Dragons,96,Serkr Atolls,111
,Czalliso Pythons,93,Sagua Ocelots,89
,Dotruga Falno,125,Pxalit'k'a Pirates,94
,Ethanthova Ponies,102,Manwx Saguans,110
,Faehrenfall Feathercats,124,Key to Don Yees,121
,TND Tanks,131,Height Sagua Cats,84
,Aahrus Moosi,121,Transhimalia Disasters,96
,Bongatar Banging Bongos,82,Pyxanovia Pixies,108
,Dvimne Spirits,116,Lyintaria Lynx,91, BOUNCE
,Holy Yektonisa Bishops,132,Holykol Bears,110
Game 138,Home,Score,Away,Score
,TND Tanks,118,Transhimalia Disasters,98
,Faehrenfall Feathercats,106,Aahrus Moosi,109
,Ethanthova Ponies,133,Bongatar Banging Bongos,95
,Dotruga Falno,120,Dvimne Spirits,109
,Czalliso Pythons,85,Holy Yektonisa Bishops,106, BOUNCE
,Boltway Bad Dragons,110,Holykol Bears,93
,Aiyota Pumps,105,Lyintaria Lynx,92
,Ávura Aviators,167,Pyxanovia Pixies,178
,Autolik Autonomy,102,Auspikitan Golden Falcons,105
,Barsein Bats,84,Solea Geysers,112
,Blanaxon Hammers,102,Serkr Atolls,111
,Calto Cows,113,Sagua Ocelots,97
,Naxda Nomads,131,Pxalit'k'a Pirates,99
,Red Rainbow Sickles,95,Manwx Saguans,103
,Shmupland Dictators,114,Key to Don Yees,82
,Stedro Boulders,129,Height Sagua Cats,111
Game 139,Home,Score,Away,Score
,Manwx Saguans,113,Auspikitan Golden Falcons,100
,Key to Don Yees,127,Pxalit'k'a Pirates,106
,Height Sagua Cats,90,Sagua Ocelots,100
,Transhimalia Disasters,112,Serkr Atolls,107
,Pyxanovia Pixies,119,Solea Geysers,118
,Lyintaria Lynx,99,Autolik Autonomy,107
,Holykol Bears,108,Barsein Bats,111
,Holy Yektonisa Bishops,111,Blanaxon Hammers,127
,Dvimne Spirits,113,Calto Cows,99
,Bongatar Banging Bongos,101,Naxda Nomads,122
,Aahrus Moosi,108,Red Rainbow Sickles,97
,TND Tanks,89,Shmupland Dictators,120
,Faehrenfall Feathercats,101,Stedro Boulders,102
,Ethanthova Ponies,111,Ávura Aviators,101
,Dotruga Falno,131,Aiyota Pumps,106
,Czalliso Pythons,110,Boltway Bad Dragons,96
Game 140,Home,Score,Away,Score
,Calto Cows,118,Auspikitan Golden Falcons,106
,Blanaxon Hammers,110,Naxda Nomads,94
,Barsein Bats,105,Red Rainbow Sickles,91
,Autolik Autonomy,86,Shmupland Dictators,99, BOUNCE
,Solea Geysers,120,Stedro Boulders,105
,Serkr Atolls,113,Ávura Aviators,112
,Sagua Ocelots,112,Aiyota Pumps,104
,Pxalit'k'a Pirates,113,Boltway Bad Dragons,111
,Manwx Saguans,106,Czalliso Pythons,90
,Key to Don Yees,112,Dotruga Falno,119
,Height Sagua Cats,90,Ethanthova Ponies,123
,Transhimalia Disasters,101,Faehrenfall Feathercats,95
,Pyxanovia Pixies,108,TND Tanks,105
,Lyintaria Lynx,78,Aahrus Moosi,89
,Holykol Bears,111,Bongatar Banging Bongos,100
,Holy Yektonisa Bishops,100,Dvimne Spirits,111
Game 141,Home,Score,Away,Score
,Holy Yektonisa Bishops,119,Transhimalia Disasters,82
,Dvimne Spirits,113,Holykol Bears,120
,Bongatar Banging Bongos,121,Lyintaria Lynx,122
,Aahrus Moosi,89,Pyxanovia Pixies,105
,TND Tanks,113,Ávura Aviators,112
,Faehrenfall Feathercats,109,Aiyota Pumps,89
,Ethanthova Ponies,128,Boltway Bad Dragons,104
,Dotruga Falno,86,Czalliso Pythons,105, BOUNCE
,Pxalit'k'a Pirates,112,Auspikitan Golden Falcons,94
,Sagua Ocelots,104,Manwx Saguans,129
,Serkr Atolls,110,Key to Don Yees,114
,Solea Geysers,126,Height Sagua Cats,110
,Autolik Autonomy,113,Stedro Boulders,116
,Barsein Bats,92,Shmupland Dictators,107
,Blanaxon Hammers,146,Red Rainbow Sickles,131
,Calto Cows,106,Naxda Nomads,109
Game 142,Home,Score,Away,Score
,Transhimalia Disasters,100,Dotruga Falno,120
,Czalliso Pythons,95,Ethanthova Ponies,96
,Boltway Bad Dragons,93,Faehrenfall Feathercats,104
,Aiyota Pumps,114,TND Tanks,101
,Ávura Aviators,121,Aahrus Moosi,140
,Pyxanovia Pixies,94,Bongatar Banging Bongos,102, BOUNCE
,Lyintaria Lynx,103,Dvimne Spirits,105
,Holykol Bears,122,Holy Yektonisa Bishops,106
,Auspikitan Golden Falcons,93,Calto Cows,99
,Naxda Nomads,112,Blanaxon Hammers,93
,Red Rainbow Sickles,108,Barsein Bats,96
,Shmupland Dictators,115,Autolik Autonomy,76
,Stedro Boulders,88,Solea Geysers,108
,Height Sagua Cats,94,Serkr Atolls,107
,Key to Don Yees,113,Sagua Ocelots,107
,Manwx Saguans,106,Pxalit'k'a Pirates,103
Game 143,Home,Score,Away,Score
,Auspikitan Golden Falcons,107,Czalliso Pythons,106
,Dotruga Falno,108,Boltway Bad Dragons,103
,Ethanthova Ponies,110,Aiyota Pumps,93
,Faehrenfall Feathercats,140,Ávura Aviators,130
,TND Tanks,105,Stedro Boulders,104
,Aahrus Moosi,105,Shmupland Dictators,124
,Bongatar Banging Bongos,112,Red Rainbow Sickles,126
,Dvimne Spirits,108,Naxda Nomads,97
,Holy Yektonisa Bishops,116,Calto Cows,108
,Holykol Bears,116,Blanaxon Hammers,100
,Lyintaria Lynx,100,Barsein Bats,96
,Pyxanovia Pixies,122,Autolik Autonomy,57
,Transhimalia Disasters,98,Solea Geysers,113
,Height Sagua Cats,128,Serkr Atolls,112
,Key to Don Yees,119,Sagua Ocelots,118
,Manwx Saguans,122,Pxalit'k'a Pirates,103
Game 144,Home,Score,Away,Score
,Auspikitan Golden Falcons,120,Solea Geysers,95, BOUNCE
,Height Sagua Cats,98,Serkr Atolls,108
,Key to Don Yees,118,Sagua Ocelots,130, BOUNCE
,Manwx Saguans,114,Pxalit'k'a Pirates,115
,Autolik Autonomy,101,Stedro Boulders,111
,Barsein Bats,76,Shmupland Dictators,121
,Blanaxon Hammers,103,Red Rainbow Sickles,120
,Calto Cows,111,Naxda Nomads,101
,Transhimalia Disasters,114,Aahrus Moosi,115
,Pyxanovia Pixies,123,Bongatar Banging Bongos,92
,Lyintaria Lynx,98,Dvimne Spirits,132
,Holykol Bears,95,Holy Yektonisa Bishops,98
,TND Tanks,138,Ávura Aviators,136
,Faehrenfall Feathercats,123,Aiyota Pumps,99
,Ethanthova Ponies,108,Boltway Bad Dragons,128, BOUNCE
,Dotruga Falno,127,Czalliso Pythons,77
Game 145,Home,Score,Away,Score
,Auspikitan Golden Falcons,118,Naxda Nomads,115
,Calto Cows,101,Red Rainbow Sickles,91
,Blanaxon Hammers,109,Shmupland Dictators,110, BOUNCE
,Barsein Bats,81,Stedro Boulders,91
,Autolik Autonomy,115,Ávura Aviators,114
,Solea Geysers,113,Aiyota Pumps,111
,Serkr Atolls,133,Boltway Bad Dragons,95
,Sagua Ocelots,93,Czalliso Pythons,117
,Pxalit'k'a Pirates,91,Dotruga Falno,107, BOUNCE
,Manwx Saguans,124,Ethanthova Ponies,81
,Key to Don Yees,122,Faehrenfall Feathercats,112
,Height Sagua Cats,97,TND Tanks,108
,Transhimalia Disasters,109,Aahrus Moosi,120
,Pyxanovia Pixies,123,Bongatar Banging Bongos,94
,Lyintaria Lynx,108,Dvimne Spirits,146
,Holykol Bears,96,Holy Yektonisa Bishops,100
Game 146,Home,Score,Away,Score
,Transhimalia Disasters,107,Holykol Bears,117
,Holy Yektonisa Bishops,108,Lyintaria Lynx,92
,Dvimne Spirits,116,Pyxanovia Pixies,89
,Bongatar Banging Bongos,102,Ávura Aviators,110
,Aahrus Moosi,114,Aiyota Pumps,110
,TND Tanks,109,Boltway Bad Dragons,117
,Faehrenfall Feathercats,115,Czalliso Pythons,91
,Ethanthova Ponies,107,Dotruga Falno,93
,Auspikitan Golden Falcons,95,Manwx Saguans,106
,Pxalit'k'a Pirates,118,Key to Don Yees,106
,Sagua Ocelots,102,Height Sagua Cats,87
,Serkr Atolls,108,Stedro Boulders,114
,Solea Geysers,101,Shmupland Dictators,93
,Autolik Autonomy,109,Red Rainbow Sickles,112
,Barsein Bats,118,Naxda Nomads,108
,Blanaxon Hammers,108,Calto Cows,110
Game 147,Home,Score,Away,Score
,Auspikitan Golden Falcons,113,Pxalit'k'a Pirates,115
,Manwx Saguans,132,Sagua Ocelots,118
,Key to Don Yees,115,Serkr Atolls,116
,Height Sagua Cats,101,Solea Geysers,112
,Transhimalia Disasters,98,Autolik Autonomy,85
,Pyxanovia Pixies,123,Barsein Bats,122
,Lyintaria Lynx,110,Blanaxon Hammers,103
,Holykol Bears,114,Calto Cows,119
,Holy Yektonisa Bishops,102,Naxda Nomads,123, BOUNCE
,Dvimne Spirits,124,Red Rainbow Sickles,125
,Bongatar Banging Bongos,102,Shmupland Dictators,117
,Aahrus Moosi,121,Stedro Boulders,109
,TND Tanks,116,Ávura Aviators,112
,Faehrenfall Feathercats,96,Aiyota Pumps,94
,Ethanthova Ponies,115,Boltway Bad Dragons,98
,Dotruga Falno,133,Czalliso Pythons,137
Game 148,Home,Score,Away,Score
,Bongatar Banging Bongos,98,Transhimalia Disasters,96
,Aahrus Moosi,102,Dvimne Spirits,121
,TND Tanks,125,Holy Yektonisa Bishops,91
,Faehrenfall Feathercats,116,Holykol Bears,122
,Ethanthova Ponies,122,Lyintaria Lynx,96
,Dotruga Falno,108,Pyxanovia Pixies,97
,Czalliso Pythons,114,Ávura Aviators,106
,Boltway Bad Dragons,80,Aiyota Pumps,137
,Serkr Atolls,127,Auspikitan Golden Falcons,129
,Solea Geysers,99,Sagua Ocelots,98
,Autolik Autonomy,104,Pxalit'k'a Pirates,113
,Barsein Bats,92,Manwx Saguans,98
,Blanaxon Hammers,109,Key to Don Yees,122
,Calto Cows,113,Height Sagua Cats,93
,Naxda Nomads,120,Stedro Boulders,113
,Red Rainbow Sickles,126,Shmupland Dictators,134
Game 149,Home,Score,Away,Score
,Blanaxon Hammers,126,Auspikitan Golden Falcons,111
,Calto Cows,121,Barsein Bats,103
,Naxda Nomads,114,Autolik Autonomy,94
,Red Rainbow Sickles,103,Solea Geysers,116
,Shmupland Dictators,109,Serkr Atolls,117
,Stedro Boulders,118,Sagua Ocelots,100
,Ávura Aviators,117,Pxalit'k'a Pirates,114, BOUNCE
,Aiyota Pumps,104,Manwx Saguans,112
,Boltway Bad Dragons,127,Key to Don Yees,126
,Czalliso Pythons,114,Height Sagua Cats,107
,Dotruga Falno,125,Transhimalia Disasters,89
,Ethanthova Ponies,109,Pyxanovia Pixies,110
,Faehrenfall Feathercats,84,Lyintaria Lynx,88
,TND Tanks,98,Holykol Bears,126
,Aahrus Moosi,100,Holy Yektonisa Bishops,97
,Bongatar Banging Bongos,88,Dvimne Spirits,114
Game 150,Home,Score,Away,Score
,Lyintaria Lynx,130,Transhimalia Disasters,102
,Holykol Bears,115,Pyxanovia Pixies,114
,Holy Yektonisa Bishops,105,Ávura Aviators,97
,Dvimne Spirits,134,Aiyota Pumps,101
,Bongatar Banging Bongos,125,Boltway Bad Dragons,102
,Aahrus Moosi,122,Czalliso Pythons,105
,TND Tanks,93,Dotruga Falno,111
,Faehrenfall Feathercats,104,Ethanthova Ponies,113
,Key to Don Yees,98,Auspikitan Golden Falcons,123
,Manwx Saguans,112,Height Sagua Cats,101
,Pxalit'k'a Pirates,134,Stedro Boulders,116
,Sagua Ocelots,73,Shmupland Dictators,98
,Serkr Atolls,113,Red Rainbow Sickles,109
,Solea Geysers,96,Naxda Nomads,100
,Autolik Autonomy,98,Calto Cows,90
,Barsein Bats,86,Blanaxon Hammers,88
Game 151,Home,Score,Away,Score
,Height Sagua Cats,83,Auspikitan Golden Falcons,81
,Transhimalia Disasters,107,Key to Don Yees,130
,Pyxanovia Pixies,113,Manwx Saguans,121
,Lyintaria Lynx,107,Pxalit'k'a Pirates,115
,Holykol Bears,102,Sagua Ocelots,104
,Holy Yektonisa Bishops,99,Serkr Atolls,119
,Dvimne Spirits,133,Solea Geysers,96
,Bongatar Banging Bongos,107,Autolik Autonomy,122
,Aahrus Moosi,98,Barsein Bats,119
,TND Tanks,129,Blanaxon Hammers,121
,Faehrenfall Feathercats,142,Calto Cows,134
,Ethanthova Ponies,82,Naxda Nomads,93
,Dotruga Falno,135,Red Rainbow Sickles,108
,Czalliso Pythons,117,Shmupland Dictators,111
,Boltway Bad Dragons,109,Stedro Boulders,108
,Aiyota Pumps,95,Ávura Aviators,98
Game 152,Home,Score,Away,Score
,Auspikitan Golden Falcons,116,TND Tanks,93
,Aahrus Moosi,127,Faehrenfall Feathercats,117
,Bongatar Banging Bongos,109,Ethanthova Ponies,110
,Dvimne Spirits,125,Dotruga Falno,112
,Holy Yektonisa Bishops,98,Czalliso Pythons,111
,Holykol Bears,126,Boltway Bad Dragons,113
,Lyintaria Lynx,92,Aiyota Pumps,110
,Pyxanovia Pixies,97,Ávura Aviators,77
,Transhimalia Disasters,86,Stedro Boulders,109
,Height Sagua Cats,89,Shmupland Dictators,106
,Key to Don Yees,115,Red Rainbow Sickles,113
,Manwx Saguans,106,Naxda Nomads,101
,Pxalit'k'a Pirates,120,Calto Cows,105
,Sagua Ocelots,126,Blanaxon Hammers,107
,Serkr Atolls,103,Barsein Bats,109, BOUNCE
,Solea Geysers,111,Autolik Autonomy,87
Game 153,Home,Score,Away,Score
,Auspikitan Golden Falcons,120,Dotruga Falno,100
,Czalliso Pythons,105,Ethanthova Ponies,123
,Boltway Bad Dragons,65,Faehrenfall Feathercats,111
,Aiyota Pumps,93,TND Tanks,90
,Ávura Aviators,113,Aahrus Moosi,118
,Stedro Boulders,112,Bongatar Banging Bongos,90
,Shmupland Dictators,117,Dvimne Spirits,101
,Red Rainbow Sickles,113,Holy Yektonisa Bishops,105
,Naxda Nomads,131,Holykol Bears,127
,Calto Cows,110,Lyintaria Lynx,115
,Blanaxon Hammers,108,Pyxanovia Pixies,105
,Barsein Bats,99,Transhimalia Disasters,81
,Autolik Autonomy,118,Height Sagua Cats,109
,Solea Geysers,119,Key to Don Yees,97
,Serkr Atolls,98,Manwx Saguans,94
,Sagua Ocelots,113,Pxalit'k'a Pirates,111
Game 154,Home,Score,Away,Score
,Key to Don Yees,100,Auspikitan Golden Falcons,108
,Manwx Saguans,126,Height Sagua Cats,99
,Pxalit'k'a Pirates,110,Solea Geysers,120
,Sagua Ocelots,89,Serkr Atolls,116
,Blanaxon Hammers,114,Autolik Autonomy,109
,Calto Cows,128,Barsein Bats,92
,Naxda Nomads,115,Stedro Boulders,101
,Red Rainbow Sickles,94,Shmupland Dictators,111
,Lyintaria Lynx,111,Transhimalia Disasters,95
,Holykol Bears,103,Pyxanovia Pixies,117
,Holy Yektonisa Bishops,113,Aahrus Moosi,98
,Dvimne Spirits,121,Bongatar Banging Bongos,88
,Ethanthova Ponies,127,TND Tanks,96
,Dotruga Falno,122,Faehrenfall Feathercats,100
,Czalliso Pythons,104,Ávura Aviators,101
,Boltway Bad Dragons,120,Aiyota Pumps,128
Game 155,Home,Score,Away,Score
,Auspikitan Golden Falcons,112,Barsein Bats,104
,Blanaxon Hammers,126,Autolik Autonomy,112
,Calto Cows,115,Solea Geysers,105
,Naxda Nomads,119,Serkr Atolls,121
,Red Rainbow Sickles,115,Sagua Ocelots,99
,Shmupland Dictators,123,Pxalit'k'a Pirates,107
,Stedro Boulders,85,Manwx Saguans,112
,Ávura Aviators,104,Key to Don Yees,101
,Aiyota Pumps,114,Height Sagua Cats,97
,Boltway Bad Dragons,124,Transhimalia Disasters,77
,Czalliso Pythons,94,Pyxanovia Pixies,112
,Dotruga Falno,126,Lyintaria Lynx,97
,Ethanthova Ponies,115,Holykol Bears,79
,Faehrenfall Feathercats,121,Holy Yektonisa Bishops,98
,TND Tanks,89,Dvimne Spirits,122
,Aahrus Moosi,110,Bongatar Banging Bongos,81
Game 156,Home,Score,Away,Score
,Aiyota Pumps,110,Auspikitan Golden Falcons,93
,Ávura Aviators,112,Boltway Bad Dragons,111
,Stedro Boulders,104,Czalliso Pythons,100
,Shmupland Dictators,121,Dotruga Falno,106
,Red Rainbow Sickles,111,Ethanthova Ponies,121
,Naxda Nomads,114,Faehrenfall Feathercats,106
,Calto Cows,120,TND Tanks,88
,Blanaxon Hammers,117,Aahrus Moosi,104
,Barsein Bats,109,Bongatar Banging Bongos,94
,Autolik Autonomy,103,Dvimne Spirits,116
,Solea Geysers,109,Holy Yektonisa Bishops,102
,Serkr Atolls,103,Holykol Bears,88
,Sagua Ocelots,112,Lyintaria Lynx,71
,Pxalit'k'a Pirates,100,Pyxanovia Pixies,101
,Manwx Saguans,135,Transhimalia Disasters,90
,Key to Don Yees,147,Height Sagua Cats,145
Game 157,Home,Score,Away,Score
,Height Sagua Cats,94,Auspikitan Golden Falcons,133
,Key to Don Yees,123,Solea Geysers,116
,Manwx Saguans,110,Serkr Atolls,103
,Sagua Ocelots,122,Pxalit'k'a Pirates,97
,Barsein Bats,130,Autolik Autonomy,87
,Blanaxon Hammers,116,Stedro Boulders,108
,Calto Cows,97,Shmupland Dictators,114
,Red Rainbow Sickles,113,Naxda Nomads,130
,Pyxanovia Pixies,116,Transhimalia Disasters,92
,Lyintaria Lynx,82,Aahrus Moosi,113
,Holykol Bears,118,Bongatar Banging Bongos,105
,Dvimne Spirits,112,Holy Yektonisa Bishops,102
,Faehrenfall Feathercats,116,TND Tanks,81
,Ethanthova Ponies,112,Ávura Aviators,110
,Dotruga Falno,113,Aiyota Pumps,115
,Boltway Bad Dragons,103,Czalliso Pythons,100
Game 158,Home,Score,Away,Score
,Auspikitan Golden Falcons,123,Manwx Saguans,107
,Pxalit'k'a Pirates,115,Key to Don Yees,113
,Sagua Ocelots,95,Height Sagua Cats,106
,Serkr Atolls,135,Transhimalia Disasters,89
,Solea Geysers,112,Pyxanovia Pixies,118
,Autolik Autonomy,122,Lyintaria Lynx,124
,Barsein Bats,113,Holykol Bears,122
,Blanaxon Hammers,100,Holy Yektonisa Bishops,88
,Calto Cows,112,Dvimne Spirits,130
,Naxda Nomads,121,Bongatar Banging Bongos,103
,Red Rainbow Sickles,123,Aahrus Moosi,109
,Shmupland Dictators,123,TND Tanks,89
,Stedro Boulders,113,Faehrenfall Feathercats,122
,Ávura Aviators,115,Ethanthova Ponies,118
,Aiyota Pumps,122,Dotruga Falno,120
,Boltway Bad Dragons,117,Czalliso Pythons,111
Game 159,Home,Score,Away,Score
,Lyintaria Lynx,93,Auspikitan Golden Falcons,120
,Holykol Bears,117,Pyxanovia Pixies,115
,Holy Yektonisa Bishops,109,Transhimalia Disasters,103
,Dvimne Spirits,132,Height Sagua Cats,92
,Bongatar Banging Bongos,108,Key to Don Yees,120
,Aahrus Moosi,108,Manwx Saguans,105
,TND Tanks,108,Pxalit'k'a Pirates,113
,Faehrenfall Feathercats,109,Sagua Ocelots,100
,Ethanthova Ponies,123,Serkr Atolls,111
,Dotruga Falno,104,Solea Geysers,85
,Czalliso Pythons,110,Autolik Autonomy,91
,Boltway Bad Dragons,92,Barsein Bats,100
,Aiyota Pumps,101,Blanaxon Hammers,98
,Ávura Aviators,120,Calto Cows,101
,Stedro Boulders,97,Naxda Nomads,122
,Shmupland Dictators,106,Red Rainbow Sickles,104
Game 160,Home,Score,Away,Score
,Barsein Bats,117,Auspikitan Golden Falcons,116
,Autolik Autonomy,98,Blanaxon Hammers,111
,Solea Geysers,109,Calto Cows,121
,Serkr Atolls,120,Naxda Nomads,111
,Sagua Ocelots,125,Red Rainbow Sickles,124
,Pxalit'k'a Pirates,116,Shmupland Dictators,122
,Manwx Saguans,121,Stedro Boulders,107
,Key to Don Yees,118,Ávura Aviators,108
,Height Sagua Cats,101,Aiyota Pumps,117
,Transhimalia Disasters,126,Boltway Bad Dragons,113
,Pyxanovia Pixies,110,Czalliso Pythons,95
,Lyintaria Lynx,118,Dotruga Falno,120
,Holykol Bears,104,Ethanthova Ponies,111
,Holy Yektonisa Bishops,123,Faehrenfall Feathercats,108
,Dvimne Spirits,97,TND Tanks,93
,Bongatar Banging Bongos,97,Aahrus Moosi,98
Game 161,Home,Score,Away,Score
,Auspikitan Golden Falcons,118,Sagua Ocelots,108
,Serkr Atolls,119,Pxalit'k'a Pirates,104
,Solea Geysers,117,Manwx Saguans,102
,Height Sagua Cats,105,Key to Don Yees,117
,Autolik Autonomy,146,Red Rainbow Sickles,141
,Shmupland Dictators,126,Naxda Nomads,114
,Stedro Boulders,89,Calto Cows,96
,Barsein Bats,119,Blanaxon Hammers,115
,Transhimalia Disasters,112,Dvimne Spirits,135
,Bongatar Banging Bongos,98,Holy Yektonisa Bishops,102
,Aahrus Moosi,128,Holykol Bears,111
,Pyxanovia Pixies,131,Lyintaria Lynx,88
,TND Tanks,129,Boltway Bad Dragons,99
,Aiyota Pumps,109,Czalliso Pythons,115, BOUNCE
,Ávura Aviators,124,Dotruga Falno,118
,Faehrenfall Feathercats,111,Ethanthova Ponies,100
Game 162,Home,Score,Away,Score
,Transhimalia Disasters,90,Ávura Aviators,119
,Pyxanovia Pixies,86,Aiyota Pumps,106
,Lyintaria Lynx,98,Boltway Bad Dragons,83
,Holykol Bears,106,Czalliso Pythons,101
,Holy Yektonisa Bishops,89,Dotruga Falno,101
,Dvimne Spirits,121,Ethanthova Ponies,101
,Bongatar Banging Bongos,94,Faehrenfall Feathercats,108
,Aahrus Moosi,109,TND Tanks,92
,Auspikitan Golden Falcons,121,Stedro Boulders,96
,Height Sagua Cats,90,Shmupland Dictators,105
,Key to Don Yees,123,Red Rainbow Sickles,118
,Manwx Saguans,115,Naxda Nomads,93
,Pxalit'k'a Pirates,110,Calto Cows,112
,Sagua Ocelots,126,Blanaxon Hammers,115
,Serkr Atolls,95,Barsein Bats,94
,Solea Geysers,145,Autolik Autonomy,136
Game 163,Home,Score,Away,Score
,Auspikitan Golden Falcons,101,Red Rainbow Sickles,125
,Shmupland Dictators,131,Naxda Nomads,113
,Stedro Boulders,126,Calto Cows,98
,Ávura Aviators,133,Blanaxon Hammers,130
,Aiyota Pumps,67,Barsein Bats,102
,Boltway Bad Dragons,102,Autolik Autonomy,92
,Czalliso Pythons,96,Solea Geysers,89
,Dotruga Falno,121,Serkr Atolls,110
,Ethanthova Ponies,109,Sagua Ocelots,93
,Faehrenfall Feathercats,118,Pxalit'k'a Pirates,112
,TND Tanks,106,Manwx Saguans,110
,Aahrus Moosi,129,Key to Don Yees,116
,Bongatar Banging Bongos,122,Height Sagua Cats,96
,Dvimne Spirits,131,Transhimalia Disasters,87
,Holy Yektonisa Bishops,105,Pyxanovia Pixies,120
,Holykol Bears,128,Lyintaria Lynx,86
